UTVGXHEL1014RAWD, Trip12
UTHSCGutExL0414HNF4ADNDMTI, Trip12
UTVGXHEL1014RAWD, Ugt1a7c
UTHSCGutExL0414HNF4ADNDMTI, Ugt1a7c
UTVGXHEL1014RAWD, Ugt1a8
UTHSCGutExL0414HNF4ADNDMTI, Ugt1a8
UTVGXHEL1014RAWD, Ugt1a9
UTHSCGutExL0414HNF4ADNDMTI, Ugt1a9
UTVGXHEL1014RAWD, Ugt1a10
UTHSCGutExL0414HNF4ADNDMTI, Ugt1a10
UTVGXHEL1014RAWD, non-protein coding
UTHSCGutExL0414HNF4ADNDMTI, non-protein coding
UTVGXHEL1014RAWD, non-protein coding
UTHSCGutExL0414HNF4ADNDMTI, non-protein coding
UTVGXHEL1014RAWD, Prex2
UTHSCGutExL0414HNF4ADNDMTI, Prex2
UTVGXHEL1014RAWD, non-protein coding
UTHSCGutExL0414HNF4ADNDMTI, non-protein coding
UTVGXHEL1014RAWD, Syt14
UTHSCGutExL0414HNF4ADNDMTI, Syt14
UTVGXHEL1014RAWD, Kcnh1
UTHSCGutExL0414HNF4ADNDMTI, Kcnh1
UTVGXHEL1014RAWD, Adgrb3
UTHSCGutExL0414HNF4ADNDMTI, Adgrb3
UTVGXHEL1014RAWD, non-protein coding
UTHSCGutExL0414HNF4ADNDMTI, non-protein coding
UTVGXHEL1014RAWD, Kcnh1
UTHSCGutExL0414HNF4ADNDMTI, Kcnh1
UTVGXHEL1014RAWD, 4930453O03Rik
UTHSCGutExL0414HNF4ADNDMTI, 4930453O03Rik
UTVGXHEL1014RAWD, Trpm8
UTHSCGutExL0414HNF4ADNDMTI, Trpm8
UTVGXHEL1014RAWD, Atp6v1h
UTHSCGutExL0414HNF4ADNDMTI, Atp6v1h
UTVGXHEL1014RAWD, Kcnb2
UTHSCGutExL0414HNF4ADNDMTI, Kcnb2
UTVGXHEL1014RAWD, Pacc1
UTHSCGutExL0414HNF4ADNDMTI, Pacc1
UTVGXHEL1014RAWD, Kcnk2
UTHSCGutExL0414HNF4ADNDMTI, Kcnk2
UTVGXHEL1014RAWD, Phlpp1
UTHSCGutExL0414HNF4ADNDMTI, Phlpp1
UTVGXHEL1014RAWD, non-protein coding
UTHSCGutExL0414HNF4ADNDMTI, non-protein coding
UTVGXHEL1014RAWD, Adgrb3
UTHSCGutExL0414HNF4ADNDMTI, Adgrb3
UTVGXHEL1014RAWD, non-protein coding
UTHSCGutExL0414HNF4ADNDMTI, non-protein coding
UTVGXHEL1014RAWD, Lrrfip1
UTHSCGutExL0414HNF4ADNDMTI, Lrrfip1
UTVGXHEL1014RAWD, Gigyf2
UTHSCGutExL0414HNF4ADNDMTI, Gigyf2
UTVGXHEL1014RAWD, Rd3
UTHSCGutExL0414HNF4ADNDMTI, Rd3
UTVGXHEL1014RAWD, Cntnap5b
UTHSCGutExL0414HNF4ADNDMTI, Cntnap5b
UTVGXHEL1014RAWD, Armc9
UTHSCGutExL0414HNF4ADNDMTI, Armc9
UTVGXHEL1014RAWD, Espnl
UTHSCGutExL0414HNF4ADNDMTI, Espnl
UTVGXHEL1014RAWD, Ifi208
UTHSCGutExL0414HNF4ADNDMTI, Ifi208
UTVGXHEL1014RAWD, Sgk3  
UTHSCGutExL0414HNF4ADNDMTI, Sgk3  
UTVGXHEL1014RAWD, non-protein coding
UTHSCGutExL0414HNF4ADNDMTI, non-protein coding
UTVGXHEL1014RAWD, Rgs7
UTHSCGutExL0414HNF4ADNDMTI, Rgs7
UTVGXHEL1014RAWD, non-protein coding
UTHSCGutExL0414HNF4ADNDMTI, non-protein coding
UTVGXHEL1014RAWD, non-protein coding
UTHSCGutExL0414HNF4ADNDMTI, non-protein coding
UTVGXHEL1014RAWD, non-protein coding
UTHSCGutExL0414HNF4ADNDMTI, non-protein coding
UTVGXHEL1014RAWD, 1700034H15Rik
UTHSCGutExL0414HNF4ADNDMTI, 1700034H15Rik
UTVGXHEL1014RAWD, Ifi209
UTHSCGutExL0414HNF4ADNDMTI, Ifi209
UTVGXHEL1014RAWD, Colgalt2
UTHSCGutExL0414HNF4ADNDMTI, Colgalt2
UTVGXHEL1014RAWD, Slc30a1
UTHSCGutExL0414HNF4ADNDMTI, Slc30a1
UTVGXHEL1014RAWD, Slc4a3
UTHSCGutExL0414HNF4ADNDMTI, Slc4a3
UTVGXHEL1014RAWD, non-protein coding
UTHSCGutExL0414HNF4ADNDMTI, non-protein coding
UTVGXHEL1014RAWD, Brinp3
UTHSCGutExL0414HNF4ADNDMTI, Brinp3
UTVGXHEL1014RAWD, Atp6v1h 
UTHSCGutExL0414HNF4ADNDMTI, Atp6v1h 
UTVGXHEL1014RAWD, Efhd1
UTHSCGutExL0414HNF4ADNDMTI, Efhd1
UTVGXHEL1014RAWD, non-protein coding
UTHSCGutExL0414HNF4ADNDMTI, non-protein coding
UTVGXHEL1014RAWD, Wdr64
UTHSCGutExL0414HNF4ADNDMTI, Wdr64
UTVGXHEL1014RAWD, non-protein coding
UTHSCGutExL0414HNF4ADNDMTI, non-protein coding
UTVGXHEL1014RAWD, Mark1
UTHSCGutExL0414HNF4ADNDMTI, Mark1
UTVGXHEL1014RAWD, non-protein coding 
UTHSCGutExL0414HNF4ADNDMTI, non-protein coding 
UTVGXHEL1014RAWD, non-protein coding
UTHSCGutExL0414HNF4ADNDMTI, non-protein coding
UTVGXHEL1014RAWD, Ptpn14
UTHSCGutExL0414HNF4ADNDMTI, Ptpn14
UTVGXHEL1014RAWD, Alkal1
UTHSCGutExL0414HNF4ADNDMTI, Alkal1
UTVGXHEL1014RAWD, Ugt1a6a
UTHSCGutExL0414HNF4ADNDMTI, Ugt1a6a
UTVGXHEL1014RAWD, Ugt1a6b
UTHSCGutExL0414HNF4ADNDMTI, Ugt1a6b
UTVGXHEL1014RAWD, Ugt1a7c
UTHSCGutExL0414HNF4ADNDMTI, Ugt1a7c
UTVGXHEL1014RAWD, Ugt1a8
UTHSCGutExL0414HNF4ADNDMTI, Ugt1a8
UTVGXHEL1014RAWD, Ugt1a10
UTHSCGutExL0414HNF4ADNDMTI, Ugt1a10
UTVGXHEL1014RAWD, non-protein coding
UTHSCGutExL0414HNF4ADNDMTI, non-protein coding
UTVGXHEL1014RAWD, non-protein coding
UTHSCGutExL0414HNF4ADNDMTI, non-protein coding
UTVGXHEL1014RAWD, Kcnk2
UTHSCGutExL0414HNF4ADNDMTI, Kcnk2
UTVGXHEL1014RAWD, Pign
UTHSCGutExL0414HNF4ADNDMTI, Pign
UTVGXHEL1014RAWD, St18 
UTHSCGutExL0414HNF4ADNDMTI, St18 
UTVGXHEL1014RAWD, Ngef
UTHSCGutExL0414HNF4ADNDMTI, Ngef
UTVGXHEL1014RAWD, Terf1
UTHSCGutExL0414HNF4ADNDMTI, Terf1
UTVGXHEL1014RAWD, Phlpp1
UTHSCGutExL0414HNF4ADNDMTI, Phlpp1
UTVGXHEL1014RAWD, Rd3 
UTHSCGutExL0414HNF4ADNDMTI, Rd3 
UTVGXHEL1014RAWD, non-protein coding
UTHSCGutExL0414HNF4ADNDMTI, non-protein coding
UTVGXHEL1014RAWD, non-protein coding
UTHSCGutExL0414HNF4ADNDMTI, non-protein coding
UTVGXHEL1014RAWD, E330020D12Rik
UTHSCGutExL0414HNF4ADNDMTI, E330020D12Rik
UTVGXHEL1014RAWD, Shcbp1l
UTHSCGutExL0414HNF4ADNDMTI, Shcbp1l
UTVGXHEL1014RAWD, Dgkd
UTHSCGutExL0414HNF4ADNDMTI, Dgkd
UTVGXHEL1014RAWD, Slco5a1
UTHSCGutExL0414HNF4ADNDMTI, Slco5a1
UTVGXHEL1014RAWD, Hhat
UTHSCGutExL0414HNF4ADNDMTI, Hhat
UTVGXHEL1014RAWD, C130074G19Rik
UTHSCGutExL0414HNF4ADNDMTI, C130074G19Rik
UTVGXHEL1014RAWD, non-protein coding
UTHSCGutExL0414HNF4ADNDMTI, non-protein coding
UTVGXHEL1014RAWD, non-protein coding
UTHSCGutExL0414HNF4ADNDMTI, non-protein coding
UTVGXHEL1014RAWD, Rgl1
UTHSCGutExL0414HNF4ADNDMTI, Rgl1
UTVGXHEL1014RAWD, Apobec4
UTHSCGutExL0414HNF4ADNDMTI, Apobec4
UTVGXHEL1014RAWD, Gpr55
UTHSCGutExL0414HNF4ADNDMTI, Gpr55
UTVGXHEL1014RAWD, non-protein coding
UTHSCGutExL0414HNF4ADNDMTI, non-protein coding
UTVGXHEL1014RAWD, non-protein coding
UTHSCGutExL0414HNF4ADNDMTI, non-protein coding
UTVGXHEL1014RAWD, non-protein coding
UTHSCGutExL0414HNF4ADNDMTI, non-protein coding
UTVGXHEL1014RAWD, Cxcr4
UTHSCGutExL0414HNF4ADNDMTI, Cxcr4
UTVGXHEL1014RAWD, non-protein coding
UTHSCGutExL0414HNF4ADNDMTI, non-protein coding
UTVGXHEL1014RAWD, Ifi209
UTHSCGutExL0414HNF4ADNDMTI, Ifi209
UTVGXHEL1014RAWD, non-protein coding
UTHSCGutExL0414HNF4ADNDMTI, non-protein coding
UTVGXHEL1014RAWD, Fmn2
UTHSCGutExL0414HNF4ADNDMTI, Fmn2
UTVGXHEL1014RAWD, Brinp3
UTHSCGutExL0414HNF4ADNDMTI, Brinp3
UTVGXHEL1014RAWD, Cfhr2
UTHSCGutExL0414HNF4ADNDMTI, Cfhr2
UTVGXHEL1014RAWD, Iqca
UTHSCGutExL0414HNF4ADNDMTI, Iqca
UTVGXHEL1014RAWD, Brinp3
UTHSCGutExL0414HNF4ADNDMTI, Brinp3
UTVGXHEL1014RAWD, Fmn2
UTHSCGutExL0414HNF4ADNDMTI, Fmn2
UTVGXHEL1014RAWD, Smyd2
UTHSCGutExL0414HNF4ADNDMTI, Smyd2
UTVGXHEL1014RAWD, Nmnat2
UTHSCGutExL0414HNF4ADNDMTI, Nmnat2
UTVGXHEL1014RAWD, Trpa1
UTHSCGutExL0414HNF4ADNDMTI, Trpa1
UTVGXHEL1014RAWD, non-protein coding
UTHSCGutExL0414HNF4ADNDMTI, non-protein coding
UTVGXHEL1014RAWD, non-protein coding
UTHSCGutExL0414HNF4ADNDMTI, non-protein coding
UTVGXHEL1014RAWD, non-protein coding
UTHSCGutExL0414HNF4ADNDMTI, non-protein coding
UTVGXHEL1014RAWD, non-protein coding
UTHSCGutExL0414HNF4ADNDMTI, non-protein coding
UTVGXHEL1014RAWD, non-protein coding
UTHSCGutExL0414HNF4ADNDMTI, non-protein coding
UTVGXHEL1014RAWD, non-protein coding
UTHSCGutExL0414HNF4ADNDMTI, non-protein coding
UTVGXHEL1014RAWD, non-protein coding
UTHSCGutExL0414HNF4ADNDMTI, non-protein coding
UTVGXHEL1014RAWD, Slco5a1
UTHSCGutExL0414HNF4ADNDMTI, Slco5a1
UTVGXHEL1014RAWD, 9930111H07Rik
UTHSCGutExL0414HNF4ADNDMTI, 9930111H07Rik
UTVGXHEL1014RAWD, Cab39
UTHSCGutExL0414HNF4ADNDMTI, Cab39
UTVGXHEL1014RAWD, non-protein coding
UTHSCGutExL0414HNF4ADNDMTI, non-protein coding
UTVGXHEL1014RAWD, non-protein coding
UTHSCGutExL0414HNF4ADNDMTI, non-protein coding
UTVGXHEL1014RAWD, Fh1
UTHSCGutExL0414HNF4ADNDMTI, Fh1
UTVGXHEL1014RAWD, St18
UTHSCGutExL0414HNF4ADNDMTI, St18
UTVGXHEL1014RAWD, non-protein coding
UTHSCGutExL0414HNF4ADNDMTI, non-protein coding
UTVGXHEL1014RAWD, non-protein coding
UTHSCGutExL0414HNF4ADNDMTI, non-protein coding
UTVGXHEL1014RAWD, non-protein coding
UTHSCGutExL0414HNF4ADNDMTI, non-protein coding
UTVGXHEL1014RAWD, Tnfrsf11a
UTHSCGutExL0414HNF4ADNDMTI, Tnfrsf11a
UTVGXHEL1014RAWD, Lamc2
UTHSCGutExL0414HNF4ADNDMTI, Lamc2
UTVGXHEL1014RAWD, Ints7
UTHSCGutExL0414HNF4ADNDMTI, Ints7
UTVGXHEL1014RAWD, non-protein coding
UTHSCGutExL0414HNF4ADNDMTI, non-protein coding
UTVGXHEL1014RAWD, non-protein coding
UTHSCGutExL0414HNF4ADNDMTI, non-protein coding
UTVGXHEL1014RAWD, non-protein coding
UTHSCGutExL0414HNF4ADNDMTI, non-protein coding
UTVGXHEL1014RAWD, non-protein coding
UTHSCGutExL0414HNF4ADNDMTI, non-protein coding
UTVGXHEL1014RAWD, non-protein coding
UTHSCGutExL0414HNF4ADNDMTI, non-protein coding
UTVGXHEL1014RAWD, non-protein coding
UTHSCGutExL0414HNF4ADNDMTI, non-protein coding
UTVGXHEL1014RAWD, Prox1
UTHSCGutExL0414HNF4ADNDMTI, Prox1
UTVGXHEL1014RAWD, Arfgef1
UTHSCGutExL0414HNF4ADNDMTI, Arfgef1
UTVGXHEL1014RAWD, Rgs20 
UTHSCGutExL0414HNF4ADNDMTI, Rgs20 
UTVGXHEL1014RAWD, non-protein coding
UTHSCGutExL0414HNF4ADNDMTI, non-protein coding
UTVGXHEL1014RAWD, Lrrfip1
UTHSCGutExL0414HNF4ADNDMTI, Lrrfip1
UTVGXHEL1014RAWD, non-protein coding
UTHSCGutExL0414HNF4ADNDMTI, non-protein coding
