UTHSCGutExL0414 LR, Hecw2
UTILMBXDhippNON1112 DE1, Hecw2
EPFLMouseLiverHFCEx0413 HNF4ADNDMTI, Hecw2
UMCG0907Myeloid ITFLD, Hecw2
UTHSCGutExL0414 LR, Tns1
UTILMBXDhippNON1112 DE1, Tns1
EPFLMouseLiverHFCEx0413 HNF4ADNDMTI, Tns1
UMCG0907Myeloid ITFLD, Tns1
UTHSCGutExL0414 LR, Slco5a1
UTILMBXDhippNON1112 DE1, Slco5a1
EPFLMouseLiverHFCEx0413 HNF4ADNDMTI, Slco5a1
UMCG0907Myeloid ITFLD, Slco5a1
UTHSCGutExL0414 LR, Spag16 
UTILMBXDhippNON1112 DE1, Spag16 
EPFLMouseLiverHFCEx0413 HNF4ADNDMTI, Spag16 
UMCG0907Myeloid ITFLD, Spag16 
UTHSCGutExL0414 LR, Cfap65 
UTILMBXDhippNON1112 DE1, Cfap65 
EPFLMouseLiverHFCEx0413 HNF4ADNDMTI, Cfap65 
UMCG0907Myeloid ITFLD, Cfap65 
UTHSCGutExL0414 LR, Rab23
UTILMBXDhippNON1112 DE1, Rab23
EPFLMouseLiverHFCEx0413 HNF4ADNDMTI, Rab23
UMCG0907Myeloid ITFLD, Rab23
UTHSCGutExL0414 LR, Mark1
UTILMBXDhippNON1112 DE1, Mark1
EPFLMouseLiverHFCEx0413 HNF4ADNDMTI, Mark1
UMCG0907Myeloid ITFLD, Mark1
UTHSCGutExL0414 LR, Slc4a3
UTILMBXDhippNON1112 DE1, Slc4a3
EPFLMouseLiverHFCEx0413 HNF4ADNDMTI, Slc4a3
UMCG0907Myeloid ITFLD, Slc4a3
UTHSCGutExL0414 LR, Vwc2l
UTILMBXDhippNON1112 DE1, Vwc2l
EPFLMouseLiverHFCEx0413 HNF4ADNDMTI, Vwc2l
UMCG0907Myeloid ITFLD, Vwc2l
UTHSCGutExL0414 LR, C130074G19Rik
UTILMBXDhippNON1112 DE1, C130074G19Rik
EPFLMouseLiverHFCEx0413 HNF4ADNDMTI, C130074G19Rik
UMCG0907Myeloid ITFLD, C130074G19Rik
UTHSCGutExL0414 LR, Khdrbs2
UTILMBXDhippNON1112 DE1, Khdrbs2
EPFLMouseLiverHFCEx0413 HNF4ADNDMTI, Khdrbs2
UMCG0907Myeloid ITFLD, Khdrbs2
